{"rmse": 549.0347467588326, "mean": 292.42087882752594, "median": 108.88469092933138, "std": 464.68180809482186, "min": 29.540411490545136, "max": 3148.70200590107, "sse": 15976275.116872383}